Key,Langauge Instruction,Scene,Object
stand\_water\_bottle,stand the water bottle,Tabletop,Water bottle(2 types)
flip\_mug,flip mug,Tabletop,Mug (2 colors)
close\_top\_drawer,close the top drawer,Tabletop,Drawer
close\_box,close the box,Tabletop,Box
close\_laptop,close the laptop,Tabletop,Laptop
hang\_mug,hang mug,Tabletop,"Mug, Mug Hanger"
upload\_mug,Unload the mug,Tabletop,"Mug, Mug Hanger"
load\_plate,Load the plate,Tabletop,"Plate, Rack"
unload\_the\_plate,Unload the plate,Tabletop,"Plate, Rack"
load\_bowl,Load the bowl,Tabletop,"Bowl, Rack"
load \_the\_bowl,Load the bowl,Tabletop,"Bowl, Rack"
unload\_the\_bowl,Unload the bowl,Tabletop,"Bowl, Rack"
knock\_water\_bottle,Knock water bottle,Tabletop,Bottle
stand\_sanitizer,Stand sanitizer,Tabletop,Sanitizer
knock\_sanitizer,Knock Sanitizer,Tabletop,Sanitizer
knock\_dish\_soap,Knock dish soap,Tabletop,Dish Soap
fold\_towel,Fold Towel,Tabletop,Towel
unfold\_towel,Unfold Towel,Tabletop,Towel
fold\_shorts,fold shorts,Tabletop,Shorts
unfold\_shorts,Unfold shorts,Tabletop,Shorts
